-- NEGARA

INSERT INTO NEGARA (Id_negara, Nama_negara) VALUES
(1, 'Malaysia'),
(2, 'Singapura'),
(3, 'Australia'),
(4, 'Amerika Serikat'),
(5, 'China'),
(6, 'Jepang'),
(7, 'India'),
(8, 'Timor Leste'),
(9, 'Belanda'),
(10, 'Brunei'),
(11, 'Korea Selatan'),
(12, 'Jerman'),
(13, 'Prancis'),
(14, 'Rusia'),
(15, 'Kanada'),
(16, 'Inggris'),
(17, 'Italia'),
(18, 'Spanyol'),
(19, 'Thailand'),
(20, 'Vietnam'),
(21, 'Filipina'),
(22, 'Myanmar'),
(23, 'Kamboja'),
(24, 'Laos'),
(25, 'Bangladesh'),
(26, 'Pakistan'),
(27, 'Nepal'),
(28, 'Sri Lanka'),
(29, 'Afrika Selatan'),
(30, 'Nigeria'),
(31, 'Mesir'),
(32, 'Kenya'),
(33, 'Brasil'),
(34, 'Argentina'),
(35, 'Mexico'),
(36, 'Kolombia'),
(37, 'Chile'),
(38, 'Turki'),
(39, 'Iran'),
(40, 'Irak'),
(41, 'Saudi Arabia'),
(42, 'Uni Emirat Arab'),
(43, 'Qatar'),
(44, 'Israel'),
(45, 'Palestina'),
(46, 'Yunani'),
(47, 'Turkmenistan'),
(48, 'Kazakhstan'),
(49, 'Uzbekistan'),
(50, 'Kirgistan'),
(51, 'Tajikistan');


-- KOTA
INSERT INTO KOTA (Id_kota, Nama_kota, Jumlah_penghuni) VALUES
(1, 'Magelang', 121675),
(2, 'Pekalongan', 309742),
(3, 'Salatiga', 195065),
(4, 'Semarang', 1659975),
(5, 'Surakarta', 523008),
(6, 'Tegal', 278299),
(7, 'Bandung', 3831505),
(8, 'Bandung Barat', 1714982),
(9, 'Bekasi', 3899017),
(10, 'Bogor', 6088233),
(11, 'Ciamis', 1201685),
(12, 'Cianjur', 2264328),
(13, 'Cirebon', 2209633),
(14, 'Garut', 2636637),
(15, 'Indramayu', 1737624),
(16, 'Karawang', 2370488),
(17, 'Bandung', 2510103),
(18, 'Banjar', 183299),
(19, 'Bekasi', 3075690),
(20, 'Bogor', 1126927),
(21, 'Cimahi', 620393),
(22, 'Cirebon', 322322),
(23, 'Depok', 2484186),
(24, 'Sukabumi', 330691),
(25, 'Tasikmalaya', 663986),
(26, 'Kuningan', 1087105),
(27, 'Majalengka', 1210709),
(28, 'Pangandaran', 401493),
(29, 'Provinsi Jawa Barat', 49935858),
(30, 'Purwakarta', 971889),
(31, 'Subang', 1612576),
(32, 'Sukabumi', 2470219),
(33, 'Sumedang', 1154428),
(34, 'Tasikmalaya', 1755710),
(35, 'Pacitan', 592916),
(36, 'Ponorogo', 964253),
(37, 'Trenggalek', 739669),
(38, 'Tulungagung', 1105337),
(39, 'Blitar', 1240322),
(40, 'Kediri', 1656020),
(41, 'Malang', 2685900),
(42, 'Lumajang', 1137227),
(43, 'Jember', 2567718),
(44, 'Banyuwangi', 1731731),
(45, 'Bondowoso', 781417),
(46, 'Situbondo', 691260),
(47, 'Probolinggo', 1159965),
(48, 'Pasuruan', 1619035),
(49, 'Sidoarjo', 2103401),
(50, 'Mojokerto', 1133584),
(51, 'Jombang', 1335972),
(52, 'Nganjuk', 1117033),
(53, 'Madiun', 757665),
(54, 'Magetan', 678343),
(55, 'Ngawi', 877432),
(56, 'Bojonegoro', 1315125),
(57, 'Tuban', 1209543),
(58, 'Lamongan', 1371509),
(59, 'Gresik', 1332664),
(60, 'Bangkalan', 1086620),
(61, 'Sampang', 984162),
(62, 'Pamekasan', 857818),
(63, 'Sumenep', 1136632),
(64, 'Kep Seribu', 28925),
(65, 'Jakarta Utara', 1793550),
(66, 'Jakarta Timur', 3083883),
(67, 'Jakarta Selatan', 2244623),
(68, 'Jakarta Pusat', 1079995),
(69, 'Jakarta Barat', 2448975),
(70, 'Tangerang', 3352472),
(71, 'Cilegon', 450271),
(72, 'Tangerang Selatan', 1378466),
(73, 'Lebak', 1433853),
(74, 'Serang', 1678915),
(75, 'Kendal', 1033367),
(76, 'Temanggung', 799764),
(77, 'Jepara', 1192811),
(78, 'Kudus', 856472),
(79, 'Pati', 1339572),
(80, 'Rembang', 650770),
(81, 'Blora', 888224),
(82, 'Cilacap', 1988622),
(83, 'Kebumen', 1376825),
(84, 'Purworejo', 778257),
(85, 'Yogyakarta', 455535),
(86, 'Sleman', 1300361),
(87, 'Bantul', 1106992),
(88, 'Gunung Kidul', 804842),
(89, 'Batu', 216735),
(90, 'Badung', 3831505),
(91, 'Bangli', 255413),
(92, 'Gianyar', 501870),
(93, 'Tabanan', 465086),
(94, 'Denpasar', 653136),
(95, 'Jembrana', 325879),
(96, 'Buleleng', 827642),
(97, 'Makassar', 1432189),
(98, 'Banyumas', 1806013),
(99, 'Surabaya', 2887223);


-- PEKERJAAN
INSERT INTO PEKERJAAN (Id_pekerjaan, Nama_pekerjaan) VALUES
(1, 'Pemrogram'),
(2, 'Desainer Grafis'),
(3, 'Ahli Keuangan'),
(4, 'Analis Data'),
(5, 'Spesialis Sumber Daya Manusia'),
(6, 'Teknisi Jaringan'),
(7, 'Pengembang Web'),
(8, 'Manajer Proyek'),
(9, 'Konsultan Bisnis'),
(10, 'Peneliti Ilmiah'),
(11, 'Ahli Medis'),
(12, 'Pengacara'),
(13, 'Analis Keamanan Cyber'),
(14, 'Ahli Pemasaran'),
(15, 'Perawat'),
(16, 'PDKinyur Sipil'),
(17, 'Fotografer'),
(18, 'Ahli Lingkungan'),
(19, 'Desainer Produk'),
(20, 'Petugas Layanan Pelanggan'),
(21, 'Analis Bisnis'),
(22, 'Pemimpin Tim'),
(23, 'Arsitek'),
(24, 'Ahli Biologi'),
(25, 'Penulis Teknis'),
(26, 'Koki'),
(27, 'Akuntan'),
(28, 'Editor Konten'),
(29, 'Teknisi Mesin'),
(30, 'Ahli Kimia'),
(31, 'Pemandu Wisata'),
(32, 'Guru'),
(33, 'Psikolog'),
(34, 'Ilustrator'),
(35, 'Arkeolog'),
(36, 'Editor Video'),
(37, 'Perancang Mode'),
(38, 'Ahli Nutrisi'),
(39, 'Ahli Fisika'),
(40, 'Konselor'),
(41, 'Copywriter'),
(42, 'Agronomis'),
(43, 'Peneliti Sosial'),
(44, 'Ahli Geologi'),
(45, 'Analis Keuangan'),
(46, 'Pelatih Olahraga'),
(47, 'Asisten Peneliti'),
(48, 'Animator'),
(49, 'Teknisi Listrik'),
(50, 'Desainer Interior');


INSERT INTO PERUSAHAAN (Id_perusahaan, Nama_perusahaan, Jenis, Sektor, No_telp) VALUES
(1, 'Inovasi Cerdas Teknologi', 'BUMS', 'Teknologi', '02112345678'),
(2, 'Maju Mitra Energi', 'BUMS', 'Energi', '02287654321'),
(3, 'Berkah Kreatif Solusi', 'BUMS', 'Konsultan Bisnis', '03123456789'),
(4, 'Gemilang Maju Group', 'BUMS', 'Properti', '036178901234'),
(5, 'Harmoni Bisnis Integrasi', 'BUMS', 'Integrasi Bisnis', '041156789012'),
(6, 'Sukses Maju Raya', 'BUMS', 'Perdagangan Umum', '05143210987'),
(7, 'Prima Karya Dynamics', 'BUMS', 'Layanan Teknologi Informasi', '06189012345'),
(8, 'Intelek Dinamika Solusi', 'BUMS', 'Konsultan IT', '0711234567'),
(9, 'Megah Mitra Sentosa', 'BUMS', 'Konstruksi', '08198765432'),
(10, 'Cipta Jaya Energi', 'BUMS', 'Energi Terbarukan', '081234567890'),
(11, 'Sentra Cipta Inovasi', 'BUMS', 'Penelitian dan Pengembangan', '081367890123'),
(12, 'Utama Kreatif Sinergi', 'BUMS', 'Periklanan dan Pemasaran', '081490123456'),
(13, 'Eksklusif Maju Jaya', 'BUMS', 'Mode dan Desain', '081523456789'),
(14, 'Global Maju Perkasa', 'BUMS', 'Ekspor dan Impor', '081678901234'),
(15, 'Visioner Karya Nusantara', 'BUMS', 'Pengembangan Properti', '081756789012'),
(16, 'Inspirasi Kreatif Sempurna', 'BUMS', 'Seni dan Hiburan', '081890123456'),
(17, 'Solusi Maju Terpadu', 'BUMS', 'Teknologi Informasi', '081923456789'),
(18, 'Gemerlap Maju Bersama', 'BUMS', 'Hiburan dan Rekreasi', '082167890123'),
(19, 'Dinamis Cipta Solusi', 'BUMS', 'Teknologi Informasi', '082290123456'),
(20, 'Harmonis Mitra Energi', 'BUMS', 'Energi dan Lingkungan', '082323456789'),
(21, 'Elegan Karya Nusantara', 'BUMS', 'Desain Interior', '082323456789'),
(22, 'Sentosa Maju Dynamics', 'BUMS', 'Layanan Teknologi', '082456789012'),
(23, 'Kreatif Maju Bersama', 'BUMS', 'Desain Kreatif', '082590123456'),
(24, 'Visioner Dinamika Solusi', 'BUMS', 'Konsultan Bisnis', '082623456789'),
(25, 'Berkah Mitra Nusantara', 'BUMS', 'Perdagangan Internasional', '082756789012'),
(26, 'Inovatif Maju Raya', 'BUMS', 'Teknologi Inovatif', '082890123456'),
(27, 'Prima Cipta Inovasi', 'BUMS', 'Inovasi dan Penelitian', '082923456789'),
(28, 'Global Karya Terpadu', 'BUMS', 'Perdagangan Global', '083056789012'),
(29, 'Inspirasi Maju Jaya', 'BUMS', 'Desain Kreatif', '083190123456'),
(30, 'Sukses Kreatif Sempurna', 'BUMS', 'Desain dan Pemasaran', '083223456789'),
(31, 'Pertamina', 'BUMN', 'Energi', '080417555555'),
(32, 'Telkom Indonesia', 'BUMN', 'Teknologi', '08041800000');


-- Pendidikan
INSERT INTO PENDIDIKAN (Id_Instansi, Jenjang, Nama_Instansi) VALUES
('PDK001', 'SMA', 'SMAN 3 Jakarta'),
('PDK002', 'SMA', 'SMAN 2 Bandung'),
('PDK003', 'S-1', 'Universitas Indonesia'),
('PDK004', 'SMA', 'SMAN 7 Magelang'),
('PDK005', 'SMP', 'SMP 33 Bekasi'),
('PDK006', 'S-1', 'Institut Teknologi Surabaya'),
('PDK007', 'SMA', 'SMA Al-Azhar 1 Jakarta'),
('PDK008', 'D-4', 'Universitas Hasanuddin'),
('PDK009', 'S-1', 'Universitas Lambung Mangkurat'),
('PDK010', 'S-1', 'Universitas Indonesia'),
('PDK011', 'S-1', 'Universitas Sebelas Marets'),
('PDK012', 'SMA', 'SMAN 4 Bogor'),
('PDK013', 'SMA', 'SMAK Penabur Cirebon'),
('PDK014', 'SMP', 'SMP 3 Tasikmalaya'),
('PDK015', 'S-2', 'Universitas Gadjah Mada'),
('PDK016', 'SMA', 'SMAN 8 Cirebon'),
('PDK017', 'SD', 'SDN 1 Semarang'),
('PDK018', 'SMP', 'SMP 4 Surabaya'),
('PDK019', 'SMA', 'SMA 3 Muhammadiyah Surakarta'),
('PDK020', 'SMA', 'SMAN 11 Semarang'),
('PDK021', 'S-1', 'Universitas Udayana'),
('PDK022', 'S-1', 'Universitas Bina Nusantara'),
('PDK023', 'S-2', 'Nanyang Technological University'),
('PDK024', 'SMP', 'SMP Bina Insan Cilegon'),
('PDK025', 'SMP', 'SMPN 3 Magelang'),
('PDK026', 'SMA', 'SMAN 1 Surakarta'),
('PDK027', 'SMA', 'SMAN 6 Cilacap'),
('PDK028', 'SMA', 'SMA Muhammadiyah 5 Jakarta'),
('PDK029', 'SMA', 'SMA 8 Bantul'),
('PDK030', 'S-1', 'Universitas Brawijaya'),
('PDK031', 'D-3', 'Universitas Gunadarma'),
('PDK032', 'S-1', 'Universitas Telkom'),
('PDK033', 'SMP', 'SMP 5 Garut'),
('PDK034', 'SD', 'SDIT Amal Insani Jepara'),
('PDK035', 'S-1', 'Universitas Mulawarman'),
('PDK036', 'S-1', 'Universitas Pelita Harapan'),
('PDK037', 'SMA', 'SMAN 9 Pati'),
('PDK038', 'SMA', 'SMAN 10 Malang'),
('PDK039', 'SMP', 'SMP Muhammadiyah 2 Lamongan'),
('PDK040', 'SD', 'SDN 002 Kediri'),
('PDK041', 'SD', 'SDN 03 Blitar'),
('PDK042', 'S-1', 'Institut Teknologi Surabaya'),
('PDK043', 'S-1', 'Universitas Padjajaran'),
('PDK044', 'S-1', 'Institut Teknologi Sumatra'),
('PDK045', 'S-1', 'Universitas Muhammadiyah Surakarta'),
('PDK046', 'SMA', 'SMAN 8 Jember'),
('PDK047', 'SMA', 'SMAN 9 Sidoarjo'),
('PDK048', 'SMP', ' SMP Al-Izhar Jakarta'),
('PDK049', 'SMA', 'SMAN 03 Cikarang'),
('PDK050', 'S-1', 'Universitas Achmad Dahlan'),
('PDK051', 'S-1', 'Universitas Islam Indonesia'),
('PDK052', 'SMA', 'SMAN 88 Sukabumi'),
('PDK053', 'SMP', 'SMPN 11 Salatiga'),
('PDK054', 'SMA', 'SMA Ihsaniyah Tegal'),
('PDK055', 'S-1', 'Universitas Katolik Parahyangan'),
('PDK056', 'S-1', 'Universitas Sebelas Maret'),
('PDK057', 'S-2', 'Universitas Gadjah Mada'),
('PDK058', 'S-1', 'Universitas Airlangga'),
('PDK059', 'SMA', 'SMAN 001 Temanggung'),
('PDK060', 'S-1', 'Universitas Pendidikan Indonesia'),
('PDK061', 'S-1', 'Universitas Trisakti'),
('PDK062', 'SMA', 'SMAN 70 Indramayu'),
('PDK063', 'D-4', 'Universitas Diponogoro'),
('PDK064', 'S-2', 'Universitas Indonesia'),
('PDK065', 'S-1', 'Institut Pertanian Bogor'),
('PDK066', 'SMA', 'SMAN 1 Seminyak'),
('PDK067', 'SMP', 'SMPN 04 Karawang'),
('PDK068', 'SMP', 'SMPN 5 Banjar'),
('PDK069', 'SMA', 'SMA PGRI 56 Ciputat'),
('PDK070', 'SMA', 'SMAN 6 Serang'),
('PDK071', 'SMA', 'SMA Al-Husna Tangerang'),
('PDK072', 'S-1', 'Universitas Atma Jaya Yogyakarta'),
('PDK073', 'S-1', 'Universitas Jenderal Soedirman'),
('PDK074', 'S-1', 'Universitas Jambi'),
('PDK075', 'SMA', 'SMAN 6 Cibubur'),
('PDK076', 'SMA', 'SMAN 2 Purwokerto'),
('PDK077', 'S-1', 'Universitas Padjajaran'),
('PDK078', 'S-2', 'Universitas Padjajaran'),
('PDK079', 'S-1', 'Institut Seni Indonesia Surakarta'),
('PDK080', 'D-4', 'Sekolah Tinggi Akuntansi Negara');

-- alamat

INSERT INTO ALAMAT (Id_alamat, Rt, Rw, Id_kota, Kecamatan, Provinsi, Kode_pos) VALUES
(1, '003', '009', 67, 'Cilandak', 'DKI Jakarta', 12430),
(2, '007', '002', 67, 'Kebayoran Baru', 'DKI Jakarta', 12110),
(3, '005', '008', 66, 'Kramat Jati', 'DKI Jakarta', 13530),
(4, '002', '003', 69, 'Palmerah', 'DKI Jakarta', 11480),
(5, '008', '006', 67, 'Tebet', 'DKI Jakarta', 12820),
(6, '006', '009', 70, 'Tangerang', 'Banten', 15111),
(7, '001', '004', 71, 'Cilegon', 'Banten', 42423),
(8, '010', '010', 72, 'Ciputat', 'Banten', 15419),
(9, '007', '003', 73, 'Rangkasbitung', 'Banten', 14240),
(10, '004', '006', 74, 'Serang', 'Banten', 42123),
(11, '003', '007', 7, 'Soreang', 'Jawa Barat', 40911),
(12, '011', '008', 7, 'Cimahi', 'Jawa Barat', 40511),
(13, '009', '004', 8, 'Lembang', 'Jawa Barat', 40391),
(14, '008', '005', 13, 'Cirebon', 'Jawa Barat', 45112),
(15, '002', '010', 16, 'Karawang', 'Jawa Barat', 41311),
(16, '005', '002', 15, 'Indramayu', 'Jawa Barat', 45211),
(17, '007', '010', 9, 'Cikarang', 'Jawa Barat', 17530),
(18, '006', '001', 24, 'Sukabumi', 'Jawa Barat', 43122),
(19, '001', '005', 34, 'Tasikmalaya', 'Jawa Barat', 46123),
(20, '008', '008', 14, 'Garut', 'Jawa Barat', 44121),
(21, '004', '009', 11, 'Banjar', 'Jawa Barat', 46341),
(22, '012', '003', 30, 'Purwakarta', 'Jawa Barat', 41111),
(23, '006', '003', 31, 'Subang', 'Jawa Barat', 41211),
(24, '007', '001', 1, 'Magelang', 'Jawa Tengah', 56111),
(25, '010', '006', 3, 'Salatiga', 'Jawa Tengah', 50714),
(26, '003', '008', 4, 'Semarang', 'Jawa Tengah', 50135),
(27, '011', '010', 5, 'Solo', 'Jawa Tengah', 57141),
(28, '012', '004', 98, 'Purwokerto', 'Jawa Tengah', 53111),
(29, '006', '007', 6, 'Tegal', 'Jawa Tengah', 52117),
(30, '009', '002', 2, 'Pekalongan', 'Jawa Tengah', 51113),
(31, '010', '007', 75, 'Kendal', 'Jawa Tengah', 51314),
(32, '011', '006', 76, 'Temanggung', 'Jawa Tengah', 56226),
(33, '007', '009', 1, 'Magelang', 'Jawa Tengah', 56111),
(34, '008', '002', 77, 'Jepara', 'Jawa Tengah', 59411),
(35, '004', '004', 78, 'Kudus', 'Jawa Tengah', 59314),
(36, '012', '005', 79, 'Pati', 'Jawa Tengah', 59111),
(37, '003', '006', 80, 'Rembang', 'Jawa Tengah', 59211),
(38, '010', '003', 81, 'Blora', 'Jawa Tengah', 58211),
(39, '009', '007', 82, 'Cilacap', 'Jawa Tengah', 53212),
(40, '001', '003', 83, 'Kebumen', 'Jawa Tengah', 54319),
(41, '011', '003', 84, 'Purworejo', 'Jawa Tengah', 54111),
(42, '004', '010', 85, 'Yogyakarta', 'DIY Yogyakarta', 55211),
(43, '002', '005', 86, 'Sleman', 'DIY Yogyakarta', 55511),
(44, '005', '006', 87, 'Bantul', 'DIY Yogyakarta', 55711),
(45, '010', '001', 88, 'Gunung Kidul', 'DIY Yogyakarta', 55811),
(46, '012', '006', 35, 'Pacitan', 'Jawa Timur', 63511),
(47, '006', '004', 36, 'Ponorogo', 'Jawa Timur', 63411),
(48, '002', '006', 37, 'Trenggalek', 'Jawa Timur', 66312),
(49, '001', '007', 38, 'Tulungagung', 'Jawa Timur', 66214),
(50, '008', '003', 39, 'Blitar', 'Jawa Timur', 66111),
(51, '004', '002', 41, 'Malang', 'Jawa Timur', 65111),
(52, '007', '006', 89, 'Batu', 'Jawa Timur', 65315),
(53, '011', '002', 48, 'Pasuruan', 'Jawa Timur', 67111),
(54, '005', '003', 47, 'Probolinggo', 'Jawa Timur', 67213),
(55, '012', '002', 42, 'Lumajang', 'Jawa Timur', 67316),
(56, '009', '006', 43, 'Jember', 'Jawa Timur', 68112),
(57, '003', '005', 44, 'Banyuwangi', 'Jawa Timur', 68416),
(58, '008', '001', 46, 'Situbondo', 'Jawa Timur', 68311),
(59, '006', '002', 45, 'Bondowoso', 'Jawa Timur', 68214),
(60, '004', '005', 63, 'Sumenep', 'Jawa Timur', 69611),
(61, '010', '008', 62, 'Pamekasan', 'Jawa Timur', 69313),
(62, '005', '010', 61, 'Sampang', 'Jawa Timur', 69211),
(63, '002', '008', 60, 'Bangkalan', 'Jawa Timur', 69111),
(64, '007', '008', 99, 'Surabaya', 'Jawa Timur', 60111),
(65, '011', '009', 49, 'Sidoarjo', 'Jawa Timur', 61212),
(66, '012', '007', 59, 'Gresik', 'Jawa Timur', 61111),
(67, '003', '004', 58, 'Lamongan', 'Jawa Timur', 62213),
(68, '008', '010', 57, 'Tuban', 'Jawa Timur', 62315),
(69, '009', '003', 56, 'Bojonegoro', 'Jawa Timur', 62111),
(70, '006', '005', 52, 'Nganjuk', 'Jawa Timur', 64411),
(71, '001', '002', 53, 'Madiun', 'Jawa Timur', 63111),
(72, '005', '004', 54, 'Magetan', 'Jawa Timur', 63315),
(73, '010', '005', 36, 'Ponorogo', 'Jawa Timur', 63411),
(74, '012', '008', 37, 'Trenggalek', 'Jawa Timur', 66312),
(75, '004', '007', 40, 'Kediri', 'Jawa Timur', 64111),
(76, '007', '005', 39, 'Blitar', 'Jawa Timur', 66111),
(77, '011', '001', 41, 'Malang', 'Jawa Timur', 65111),
(78, '002', '002', 42, 'Lumajang', 'Jawa Timur', 67316),
(79, '003', '007', 68, 'Menteng', 'DKI Jakarta', 10310),
(80, '005', '002', 68, 'Tanah Abang', 'DKI Jakarta', 10270),
(81, '008', '004', 67, 'Kebayoran Baru', 'DKI Jakarta', 12120),
(82, '002', '009', 68, 'Gambir', 'DKI Jakarta', 10110),
(83, '001', '008', 67, 'Mampang Prapatan', 'DKI Jakarta', 12790),
(84, '004', '005', 67, 'Cilandak', 'DKI Jakarta', 12430),
(85, '009', '001', 68, 'Senen', 'DKI Jakarta', 10410),
(86, '007', '006', 90, 'Petitenget', 'Bali', 80361),
(87, '005', '009', 91, 'Gianyar', 'Bali', 80511),
(88, '002', '004', 90, 'Seminyak', 'Bali', 80361),
(89, '001', '003', 91, 'Denpasar Selatan', 'Bali', 80222),
(90, '009', '005', 92, 'Ubud', 'Bali', 80571),
(91, '003', '006', 93, 'Kediri', 'Bali', 82121),
(92, '005', '001', 67, 'Tebet', 'DKI Jakarta', 12810),
(93, '008', '009', 94, 'Ubung', 'Bali', 80116),
(94, '002', '003', 10, 'Cibinong', 'Jawa Barat', 16911),
(95, '006', '008', 94, 'Renon', 'Bali', 80234),
(96, '001', '004', 72, 'Pondok Aren', 'Banten', 15225),
(97, '004', '007', 90, 'Kuta Utara', 'Bali', 80361),
(98, '009', '002', 91, 'Buleleng', 'Bali', 81113),
(99, '007', '005', 72, 'Bintaro', 'Banten', 15222),
(100, '003', '001', 91, 'Klungkung', 'Bali', 80712),
(101, '005', '008', 67, 'Kemang', 'DKI Jakarta', 12730),
(102, '008', '003', 95, 'Negara', 'Bali', 82212),
(103, '002', '006', 72, 'Ciputat', 'Banten', 15419),
(104, '006', '001', 90, 'Abiansemal', 'Bali', 80352),
(105, '001', '007', 67, 'Tanah Kusir', 'DKI Jakarta', 12240),
(106, '004', '002', 96, 'Singaraja', 'Bali', 81152),
(107, '009', '008', 72, 'Serpong Utara', 'Banten', 15326),
(108, '007', '003', 90, 'Mangupura', 'Bali', 80351),
(109, '003', '009', 66, 'Pulo Gadung', 'DKI Jakarta', 13220),
(110, '005', '004', 91, 'Jembrana', 'Bali', 82218),
(111, '008', '007', 23, 'Sawangan', 'Jawa Barat', 16511),
(112, '002', '001', 91, 'Klungkung', 'Bali', 80719),
(113, '006', '009', 97, 'Rappocini', 'Sulawesi Selatan', 90231),
(114, '001', '005', 91, 'Tabanan', 'Bali', 82121),
(115, '004', '008', 66, 'Jatiwaringin', 'DKI Jakarta', 13620),
(116, '009', '003', 91, 'Karangasem', 'Bali', 80811),
(117, '007', '001', 66, 'Cibubur', 'DKI Jakarta', 13720),
(118, '003', '004', 96, 'Sukasada', 'Bali', 81119),
(119, '005', '007', 13, 'Cirebon', 'Jawa Barat', 45111),
(120, '008', '002', 91, 'Karanganyar', 'Bali', 81151),
(121, '002', '005', 66, 'Ciracas', 'DKI Jakarta', 13720),
(122, '006', '008', 96, 'Seririt', 'Bali', 81119);

-- keluarga

INSERT INTO KELUARGA (Id_KK, Id_alamat) VALUES
('1234567890123456',  1),
('1234567890123457',  2),
('1234567890123458',  3),
('1234567890123459',  4),
('1234567890123460',  5),
('1234567890123461',  6),
('1234567890123462',  7),
('1234567890123463',  8),
('1234567890123464',  9),
('1234567890123465',  10),
('1234567890123466',  11),
('1234567890123467',  12),
('1234567890123468',  13),
('1234567890123469',  14),
('1234567890123470',  15),
('1234567890123471',  16),
('1234567890123472',  17),
('1234567890123473',  18),
('1234567890123474',  19),
('1234567890123475',  20),
('1234567890123476',  21),
('1234567890123477',  22),
('1234567890123478',  23),
('1234567890123479',  24),
('1234567890123480',  25),
('1234567890123481',  58),
('1234567890123482',  26),
('1234567890123483',  32),
('1234567890123484',  37),
('1234567890123485',  102),
('1234567890123486',  42),
('1234567890123487',  29),
('1234567890123488',  52),
('1234567890123489',  28),
('1234567890123490',  46),
('1234567890123491',  54),
('1234567890123492',  59),
('1234567890123493',  43),
('1234567890123494',  38),
('1234567890123495',  44),
('1234567890123496',  33),
('1234567890123497',  49),
('1234567890123498',  27),
('1234567890123499',  41),
('1234567890123500',  47),
('1234567890123501',  71),
('1234567890123502',  50),
('1234567890123503',  51),
('1234567890123504',  55), 
('1234567890123505',  53),
('1234567890123506',  48),
('1234567890123507',  76),
('1234567890123508',  30),
('1234567890123509',  39),
('1234567890123510',  35),
('1234567890123511',  57),
('1234567890123512',  69),
('1234567890123513',  40), 
('1234567890123514',  36),
('1234567890123515',  31),
('1234567890123516',  66),
('1234567890123517', 74),
('1234567890123518', 80),
('1234567890123519', 70),
('1234567890123520', 82),
('1234567890123521', 89),
('1234567890123522', 56),
('1234567890123523', 116),
('1234567890123524', 81),
('1234567890123525', 84), 
('1234567890123526', 100),
('1234567890123527', 34),
('1234567890123528', 104),
('1234567890123529', 45),
('1234567890123530', 68),
('1234567890123531', 119),
('1234567890123532', 75),
('1234567890123533', 79),
('1234567890123534', 83),
('1234567890123535', 73),
('1234567890123536', 90),
('1234567890123537', 111),
('1234567890123538', 50), 
('1234567890123539', 65),
('1234567890123540', 88),
('1234567890123541', 121), 
('1234567890123542', 60),
('1234567890123543', 109),
('1234567890123544', 86),
('1234567890123545', 77), 
('1234567890123546', 71),
('1234567890123547', 61),
('1234567890123548', 33),
('1234567890123549', 17),
('1234567890123550', 67),
('1234567890123551', 118),
('1234567890123552', 78),
('1234567890123553', 62),
('1234567890123554', 105),
('1234567890123555', 13), 
('1234567890123556', 85),
('1234567890123557', 63),
('1234567890123558', 87),
('1234567890123559', 72),
('1234567890123560', 64);


-- ORANG
INSERT INTO ORANG (
    Id_orang, Nama_depan, Nama_tengah, Nama_belakang,
    Tanggal_lahir, Jenis_kelamin, Status_menikah, Golongan_darah,
    Id_pekerjaan, Id_KK, Id_kota
)
VALUES 
    ('KTP_3201020101950001', 'Aditya', 'Putra', 'Mahesa', '1995-06-10', 'L', 'Menikah', 'A-', 22, '1234567890123474', 68),
    ('KTP_3202040202930002', 'Siti', 'Aisyah', 'Nurul', '1992-12-03', 'P', 'Menikah', 'B+', 15, '1234567890123473', 68),
    ('KTP_3203060303930003', 'Rama', 'Aditya', 'Pratama', '1998-05-22', 'L', 'Menikah', 'O-', 6, '1234567890123475', 66),
    ('KTP_3204080404930004', 'Dewi', 'Cahaya', 'Lestari', '1990-10-08', 'P', 'Menikah', 'AB+', 5, '1234567890123472', 69),
    ('KTP_3205100505930005', 'Arya', 'Prabu', 'Kusuma', '1993-03-15', 'L', 'Menikah', 'A+', 26, '1234567890123476', 68),
    ('KTP_3206120606930006', 'Nurul', 'Fitriani', 'Rizki', '1997-07-20', 'P', 'Menikah', 'O+', 19, '1234567890123471', 9),
    ('KTP_3207140707930007', 'Bima', 'Putra', 'Jaya', '1994-01-05', 'L', 'Menikah', 'B-', 9, '1234567890123477', 49),
    ('KTP_3208160808930008', 'Anisa', 'Lestari', 'Sari', '1991-09-12', 'P', 'Belum', 'AB-', 10, '1234567890123481', 70),
    ('KTP_3209180909930009', 'Galang', 'Pratama', 'Saputra', '1996-11-18', 'L', 'Menikah', 'A+', 24, '1234567890123478', 71),
    ('KTP_321020101093001', 'Citra', 'Anggraini', 'Pertiwi', '1999-04-07', 'P', 'Menikah', 'O+', 4, '1234567890123469', 73),
    ('KTP_3211221111930011', 'Aldi', 'Rizki', 'Prasetya', '1992-08-14', 'L', 'Menikah', 'B+', 28, '1234567890123479', 73),
    ('KTP_3212241212930012', 'Triana', 'Sekar', 'Ayu', '1996-02-25', 'P', 'Menikah', 'AB-', 8, '1234567890123468', 74),
    ('KTP_3213261313930013', 'Fajri', 'Ramadhan', 'Pratama', '1997-06-30', 'L', 'Menikah', 'O-', 14, '1234567890123480', 7),
    ('KTP_3214281414930014', 'Ayu', 'Puspita', 'Sari', '1993-01-11', 'P', 'Menikah', 'A-', 38, '1234567890123467', 7),
    ('KTP_3215301515930015', 'Yoga', 'Aditya', 'Nugraha', '1995-09-09', 'L', 'Belum', 'B+', 13, '1234567890123482', 8),
    ('KTP_3216321616930016', 'Kartika', 'Dewi', 'Utami', '1998-05-06', 'P', 'Menikah', 'AB+', 21, '1234567890123466', 13),
    ('KTP_3217341717930017', 'Reza', 'Alfiandi', 'Putra', '1994-03-02', 'L', 'Belum', 'O-', 11, '1234567890123483', 16),
    ('KTP_3218361818930018', 'Dian', 'Pertiwi', 'Lestari', '1991-10-17', 'P', 'Menikah', 'B-', 36, '1234567890123465', 15),
    ('KTP_3219381919930019', 'Rafi', 'Cahya', 'Prasetya', '1999-07-23', 'L', 'Belum', 'AB+', 7, '1234567890123484', 9),
    ('KTP_322040202093002', 'Nisa', 'Nurul', 'Hidayah', '1992-11-14', 'P', 'Belum', 'A-', 20, '1234567890123485', 32),
    ('KTP_3221422121930021', 'Arka', 'Aditya', 'Pratama', '1995-04-08', 'L', 'Belum', 'O+', 50, '1234567890123486', 34),
    ('KTP_3222442222930022', 'Shinta', 'Putri', 'Maharani', '1998-08-05', 'P', 'Menikah', 'B+', 48, '1234567890123463', 14),
    ('KTP_3223462323930023', 'Rizki', 'Akbar', 'Saputra', '1993-02-20', 'L', 'Belum', 'AB-', 33, '1234567890123487', 11),
    ('KTP_3224482424930024', 'Desi', 'Fitriani', 'Sari', '1996-06-12', 'P', 'Menikah', 'A+', 27, '1234567890123462', 30),
    ('KTP_3225502525930025', 'Dimas', 'Prasetya', 'Nugraha', '1997-12-10', 'L', 'Belum', 'O-', 41, '1234567890123488', 31),
    ('KTP_3226522626930026', 'Sari', 'Utami', 'Putri', '1991-03-15', 'P', 'Menikah', 'A-', 46, '1234567890123461', 1),
    ('KTP_3227542727930027', 'Fikri', 'Ramadhan', 'Pratama', '1994-07-03', 'L', 'Belum', 'B+', 32, '1234567890123489', 3),
    ('KTP_3228562828930028', 'Dini', 'Puspita', 'Dewi', '1999-01-22', 'P', 'Menikah', 'AB-', 37, '1234567890123460', 4),
    ('KTP_3229582929930029', 'Dian', 'Agung', 'Prabowo', '1992-10-18', 'L', 'Belum', 'O+', 1, '1234567890123490', 5),
    ('KTP_323060303093003', 'Maya', 'Indah', 'Lestari', '1996-05-07', 'P', 'Menikah', 'A+', 35, '1234567890123459', 6),
    ('KTP_3231623131930031', 'Radit', 'Aditya', 'Nugroho', '1995-09-30', 'L', 'Belum', 'AB+', 3, '1234567890123491', 6),
    ('KTP_3232643232930032', 'Rina', 'Maharani', 'Utami', '1998-04-25', 'P', 'Belum', 'B-', 42, '1234567890123492', 2),
    ('KTP_3233663333930033', 'Dika', 'Rizki', 'Prasetya', '1993-11-11', 'L', 'Belum', 'A-', 12, '1234567890123493', 75),
    ('KTP_3234683434930034', 'Devi', 'Utami', 'Sari', '1990-08-14', 'P', 'Menikah', 'O+', 40, '1234567890123457', 76),
    ('KTP_3235703535930035', 'Agus', 'Prabu', 'Wibowo', '1997-01-04', 'L', 'Belum', 'B+', 16, '1234567890123494', 1),
    ('KTP_3236723636930036', 'Citra', 'Dewi', 'Rahayu', '1992-07-23', 'P', 'Menikah', 'AB-', 25, '1234567890123456', 77),
    ('KTP_3237743737930037', 'Fandi', 'Nugraha', 'Saputra', '1999-02-28', 'L', 'Belum', 'A+', 47, '1234567890123495', 78),
    ('KTP_3238763838930038', 'Yuli', 'Anggraini', 'Pertiwi', '1994-06-17', 'P', 'Belum', 'O-', 39, '1234567890123496', 79),
    ('KTP_3239783939930039', 'Yoga', 'Pratama', 'Nugroho', '1991-09-19', 'L', 'Belum', 'B-', 23, '1234567890123497', 80),
    ('KTP_324080404093004', 'Eka', 'Purnama', 'Sari', '1995-05-06', 'P', 'Belum', 'AB+', 30, '1234567890123498', 81),
    ('KTP_3241824141930041', 'Arya', 'Aditya', 'Prasetyo', '1998-10-03', 'L', 'Belum', 'O+', 43, '1234567890123499', 82),
    ('KTP_3242844242930042', 'Ani', 'Puspita', 'Dewi', '1993-03-25', 'P', 'Belum', 'A-', 17, '1234567890123500', 83),
    ('KTP_3243864343930043', 'Bagus', 'Prabu', 'Kusuma', '1996-08-12', 'L', 'Belum', 'B+', 34, '1234567890123501', 84),
    ('KTP_3244884444930044', 'Nita', 'Sekar', 'Ayu', '1999-01-18', 'P', 'Belum', 'AB-', 44, '1234567890123502', 85),
    ('KTP_3245904545930045', 'Fahmi', 'Ramadhan', 'Pratama', '1992-11-09', 'L', 'Menikah', 'A+', 2, '1234567890123473', 86),
    ('KTP_3246924646930046', 'Mega', 'Indah', 'Lestari', '1995-04-07', 'P', 'Belum', 'O-', 29, '1234567890123503', 87),
    ('KTP_3247944747930047', 'Dito', 'Aditya', 'Nugroho', '1997-09-14', 'L', 'Menikah', 'AB+', 45, '1234567890123472', 88),
    ('KTP_3248964848930048', 'Tika', 'Putri', 'Maharani', '1994-06-21', 'P', 'Belum', 'B-', 31, '1234567890123504', 35),
    ('KTP_3249984949930049', 'Dwi', 'Prabu', 'Wibowo', '1991-10-28', 'L', 'Menikah', 'A-', 49, '1234567890123471', 36),
    ('KTP_325000505093005', 'Hani', 'Anggraini', 'Pertiwi', '1996-02-05', 'P', 'Belum', 'O+', 18, '1234567890123505', 37),
    ('KTP_3251025151930051', 'Ivan', 'Prasetya', 'Nugraha', '1999-07-19', 'L', 'Menikah', 'AB-', 19, '1234567890123470', 38),
    ('KTP_3252045252930052', 'Rini', 'Puspita', 'Sari', '1992-03-23', 'P', 'Belum', 'A+', 5, '1234567890123506', 39),
    ('KTP_3253065353930053', 'Rendra', 'Aditya', 'Pratama', '1995-01-10', 'L', 'Menikah', 'B+', 43, '1234567890123469', 41),
    ('KTP_3254085454930054', 'Rini', 'Dewi', 'Utami', '1998-08-04', 'P', 'Belum', 'O-', 10, '1234567890123507', 89),
    ('KTP_3255105555930055', 'Aga', 'Prabu', 'Kusuma', '1993-02-15', 'L', 'Menikah', 'AB+', 44, '1234567890123468', 48),
    ('KTP_3256125656930056', 'Yuni', 'Sekar', 'Ayu', '1996-05-28', 'P', 'Belum', 'A-', 35, '1234567890123508', 47),
    ('KTP_3257145757930057', 'Aldo', 'Ramadhan', 'Pratama', '1997-09-22', 'L', 'Menikah', 'O+', 25, '1234567890123467', 42),
    ('KTP_3258165858930058', 'Melati', 'Indah', 'Lestari', '1994-04-11', 'P', 'Belum', 'B-', 46, '1234567890123509', 43),
    ('KTP_3259185959930059', 'Arif', 'Aditya', 'Nugroho', '1991-11-07', 'L', 'Menikah', 'A+', 21, '1234567890123466', 44),
    ('KTP_326020606093006', 'Wulan', 'Putri', 'Maharani', '1995-01-30', 'P', 'Belum', 'AB-', 23, '1234567890123510', 46),
    ('KTP_3261226161930061', 'Raga', 'Prabu', 'Wibowo', '1998-06-02', 'L', 'Menikah', 'O-', 3, '1234567890123465', 45),
    ('KTP_3262246262930062', 'Ayu', 'Anggraini', 'Pertiwi', '1992-12-19', 'P', 'Belum', 'A+', 26, '1234567890123511', 63),
    ('KTP_3263266363930063', 'Arman', 'Prasetya', 'Nugraha', '1999-03-13', 'L', 'Menikah', 'B+', 2, '1234567890123464', 62),
    ('KTP_3264286464930064', 'Sari', 'Puspita', 'Dewi', '1993-07-08', 'P', 'Menikah', 'AB+', 24, '1234567890123475', 61),
    ('KTP_3265306565930065', 'Dwi', 'Aditya', 'Pratama', '1996-10-24', 'L', 'Menikah', 'O-', 47, '1234567890123463', 60),
    ('KTP_3266326666930066', 'Nia', 'Sekar', 'Ayu', '1997-05-01', 'P', 'Menikah', 'A-', 22, '1234567890123476', 65),
    ('KTP_3267346767930067', 'Fajar', 'Ramadhan', 'Pratama', '1992-08-16', 'L', 'Menikah', 'B-', 50, '1234567890123462', 49),
    ('KTP_3268366868930068', 'Maya', 'Indah', 'Lestari', '1995-02-19', 'P', 'Menikah', 'AB+', 33, '1234567890123477', 58),
    ('KTP_3269386969930069', 'Yoga', 'Prabu', 'Wibowo', '1998-07-05', 'L', 'Menikah', 'O+', 36, '1234567890123461', 59),
    ('KTP_327040707093007', 'Dini', 'Anggraini', 'Pertiwi', '1993-03-22', 'P', 'Belum', 'A+', 1, '1234567890123512', 57),
    ('KTP_3271427171930071', 'Dani', 'Prasetya', 'Nugraha', '1990-09-14', 'L', 'Menikah', 'B+', 38, '1234567890123460', 56),
    ('KTP_3272447272930072', 'Nita', 'Puspita', 'Sari', '1996-04-09', 'P', 'Menikah', 'AB-', 9, '1234567890123479', 52),
    ('KTP_3273467373930073', 'Dito', 'Aditya', 'Nugroho', '1999-08-03', 'L', 'Menikah', 'O-', 31, '1234567890123459', 53),
    ('KTP_3274487474930074', 'Yuli', 'Sekar', 'Ayu', '1992-11-20', 'P', 'Menikah', 'A-', 14, '1234567890123480', 54),
    ('KTP_3275507575930075', 'Rendra', 'Ramadhan', 'Pratama', '1997-05-12', 'L', 'Menikah', 'B+', 37, '1234567890123458', 36),
    ('KTP_3276527676930076', 'Wulan', 'Indah', 'Lestari', '1994-10-28', 'P', 'Belum', 'AB+', 7, '1234567890123513', 37),
    ('KTP_3277547777930077', 'Rama', 'Prabu', 'Wibowo', '1991-02-17', 'L', 'Menikah', 'O+', 16, '1234567890123457', 55),
    ('KTP_3278567878930078', 'Rini', 'Anggraini', 'Pertiwi', '1996-07-09', 'P', 'Belum', 'A+', 48, '1234567890123514', 39),
    ('KTP_3279587979930079', 'Bagas', 'Prasetya', 'Nugraha', '1993-12-25', 'L', 'Menikah', 'O-', 20, '1234567890123456', 41),
    ('KTP_328060808093008', 'Yuni', 'Puspita', 'Sari', '1998-04-21', 'P', 'Belum', 'B-', 19, '1234567890123515', 42),
    ('Pasp_AB123456', 'Alessandro', 'Mateo', 'Rossi', '1990-05-15', 'L', 'Belum', 'A+', 15, '1234567890123516', 69),
    ('Pasp_CD789012', 'Isabella', 'Sofia', 'Hernandez', '1985-07-03', 'P', 'Belum', 'B-', 32, '1234567890123517', 69),
    ('Pasp_EF345678', 'Amir', 'Malik', 'Khan', '1988-09-20', 'L', 'Belum', 'O+', 6, '1234567890123518', 68),
    ('Pasp_GH901234', 'Luna', 'Valentina', 'Rodriguez', '1992-03-08', 'P', 'Belum', 'AB-', 20, '1234567890123519', 69),
    ('Pasp_IJ567890', 'Leo', 'Rafael', 'Gonzalez', '1987-11-12', 'L', 'Belum', 'A+', 11, '1234567890123520', 90),
    ('Pasp_KL123456', 'Aisha', 'Noor', 'Ahmed', '1991-04-05', 'P', 'Belum', 'B-', 7, '1234567890123521', 68),
    ('Pasp_MN789012', 'Matteo', 'Giovanni', 'Costa', '1986-01-18', 'L', 'Belum', 'O+', 3, '1234567890123522', 68),
    ('Pasp_OP345678', 'Sofia', 'Carmen', 'Castillo', '1989-10-22', 'P', 'Belum', 'AB-', 28, '1234567890123523', 69),
    ('Pasp_QR901234', 'Malik', 'Amir', 'Khan', '1984-08-09', 'L', 'Belum', 'A+', 17, '1234567890123524', 90),
    ('Pasp_ST567890', 'Esmeralda', 'Maria', 'Silva', '1993-06-30', 'P', 'Belum', 'B-', 46, '1234567890123525', 68),
    ('Pasp_UV123456', 'Zayn', 'Jamal', 'Al-Farsi', '1983-12-14', 'L', 'Belum', 'O+', 42, '1234567890123526', 91),
    ('Pasp_WX789012', 'Elena', 'Isabella', 'Marino', '1995-02-25', 'P', 'Menikah', 'AB-', 21, '1234567890123474', 68),
    ('Pasp_YZ345678', 'Alejandro', 'Juan', 'Torres', '1982-07-07', 'L', 'Belum', 'A+', 14, '1234567890123527', 90),
    ('Pasp_AA901234', 'Lila', 'Jasmine', 'Nguyen', '1994-03-19', 'P', 'Belum', 'B-', 36, '1234567890123528', 69),
    ('Pasp_BB567890', 'Ahmed', 'Omar', 'El-Masri', '1981-11-02', 'L', 'Belum', 'O+', 5, '1234567890123529', 91),
    ('Pasp_CC123456', 'Isabella', 'Lucia', 'Costa', '1996-09-11', 'P', 'Belum', 'AB-', 49, '1234567890123530', 73),
    ('Pasp_DD789012', 'Kai', 'Hiroshi', 'Yamamoto', '1980-05-26', 'L', 'Belum', 'A+', 25, '1234567890123531', 92),
    ('Pasp_EE345678', 'Aaliyah', 'Nia', 'Patel', '1997-08-10', 'P', 'Menikah', 'O+', 33, '1234567890123470', 69),
    ('Pasp_FF901234', 'Luca', 'Marco', 'Ferrari', '1979-04-04', 'L', 'Belum', 'B-', 12, '1234567890123532', 93),
    ('Pasp_GG567890', 'Aisha', 'Zainab', 'Al-Mansoori', '1998-01-17', 'P', 'Belum', 'A+', 38, '1234567890123533', 68),
    ('Pasp_HH123456', 'Javier', 'Diego', 'Martinez', '1978-10-13', 'L', 'Belum', 'AB-', 22, '1234567890123534', 94),
    ('Pasp_II789012', 'Leila', 'Amara', 'Khoury', '1999-02-28', 'P', 'Belum', 'O+', 48, '1234567890123535', 10),
    ('Pasp_JJ345678', 'Andrei', 'Dimitrov', 'Ivanov', '1977-06-01', 'L', 'Belum', 'B-', 41, '1234567890123536', 94),
    ('Pasp_KK901234', 'Valentina', 'Elena', 'Morales', '2000-07-23', 'P', 'Menikah', 'A+', 16, '1234567890123458', 73),
    ('Pasp_LL567890', 'Amirah', 'Yasmin', 'Khan', '1976-03-06', 'P', 'Belum', 'O+', 26, '1234567890123537', 90),
    ('Pasp_MM123456', 'Adrian', 'Stefanov', 'Petrov', '2001-09-16', 'L', 'Belum', 'B-', 29, '1234567890123538', 91),
    ('Pasp_NN789012', 'Lila', 'Nadia', 'Abbas', '1975-11-29', 'P', 'Belum', 'AB-', 2, '1234567890123539', 73),
    ('Pasp_OO345678', 'Gabriel', 'Mateo', 'Santos', '2002-05-09', 'L', 'Belum', 'O+', 10, '1234567890123540', 91),
    ('Pasp_PP901234', 'Emilia', 'Sofia', 'Vasquez', '1974-08-21', 'P', 'Belum', 'B-', 31, '1234567890123541', 68),
    ('Pasp_QQ567890', 'Amir', 'Karim', 'Al-Hashmi', '2003-01-08', 'L', 'Belum', 'A+', 30, '1234567890123542', 95),
    ('Pasp_RR123456', 'Camila', 'Isabela', 'Cardoso', '1973-10-12', 'P', 'Belum', 'O+', 18, '1234567890123543', 73),
    ('Pasp_SS789012', 'Zane', 'Alexander', 'Smith', '2004-04-02', 'L', 'Belum', 'AB-', 35, '1234567890123544', 90),
    ('Pasp_TT345678', 'Lucia', 'Gabriela', 'Costa', '1972-07-15', 'P', 'Menikah', 'A+', 37, '1234567890123464', 68),
    ('Pasp_UU901234', 'Naveen', 'Raj', 'Kapoor', '2000-11-26', 'L', 'Belum', 'AB-', 44, '1234567890123545', 96),
    ('Pasp_VV567890', 'Aisha', 'Fatima', 'Al-Mansoori', '1971-02-05', 'P', 'Belum', 'O+', 34, '1234567890123546', 73),
    ('Pasp_WW123456', 'Rafael', 'Carlos', 'Mendez', '1989-05-18', 'L', 'Belum', 'B-', 50, '1234567890123547', 90),
    ('Pasp_XX789012', 'Zara', 'Amara', 'Patel', '1970-09-23', 'P', 'Belum', 'A+', 24, '1234567890123548', 66),
    ('Pasp_YY345678', 'Lorenzo', 'Alessio', 'Romano', '1973-12-07', 'L', 'Belum', 'O+', 8, '1234567890123549', 91),
    ('Pasp_ZZ901234', 'Maya', 'Aaliyah', 'Malik', '1970-01-22', 'P', 'Belum', 'AB-', 45, '1234567890123550', 23),
    ('Pasp_123456AB', 'Omar', 'Farid', 'Al-Hakim', '1998-06-11', 'L', 'Belum', 'A+', 47, '1234567890123551', 91),
    ('Pasp_789012CD', 'Leila', 'Amira', 'Khoury', '1969-03-04', 'P', 'Belum', 'B-', 23, '1234567890123552', 97),
    ('Pasp_345678EF', 'Andres', 'Alejandro', 'Perez', '2009-08-20', 'L', 'Belum', 'O+', 19, '1234567890123553', 91),
    ('Pasp_901234GH', 'Amara', 'Zainab', 'Khan', '1968-10-19', 'P', 'Menikah', 'A+', 4, '1234567890123478', 66),
    ('Pasp_567890IJ', 'Gabriel', 'Santiago', 'Silva', '2002-01-08', 'L', 'Belum', 'B-', 39, '1234567890123554', 91),
    ('Pasp_123456KL', 'Isabella', 'Sofia', 'Gonzalez', '1967-07-14', 'P', 'Belum', 'AB-', 27, '1234567890123555', 66),
    ('Pasp_789012MN', 'Ahmed', 'Amir', 'Ali', '2001-05-03', 'L', 'Belum', 'O+', 13, '1234567890123556', 96),
    ('Pasp_345678OP', 'Sofia', 'Maria', 'Costa', '1966-11-27', 'P', 'Belum', 'A+', 1, '1234567890123557', 29),
    ('Pasp_901234QR', 'Leo', 'Sebastian', 'Lopez', '1999-02-09', 'L', 'Belum', 'AB-', 40, '1234567890123558', 91),
    ('Pasp_567890ST', 'Yasmin', 'Aisha', 'Al-Mansoori', '1965-10-10', 'P', 'Belum', 'O+', 43, '1234567890123559', 66),
    ('Pasp_123456UV', 'Rafael', 'Alejandro', 'Hernandez', '2000-04-21', 'L', 'Belum', 'B-', 9, '1234567890123560', 96);

-- csv

INSERT INTO PENDUDUK (Agama, Suku, Id_orang) VALUES
('Islam', 'Jawa', 'KTP_3201020101950001'),
('Hindu', 'Batak', 'KTP_3202040202930002'),
('Buddha', 'Sunda', 'KTP_3203060303930003'),
('Islam', 'Minang', 'KTP_3204080404930004'),
('Katolik', 'Betawi', 'KTP_3205100505930005'),
('Islam', 'Banjar', 'KTP_3206120606930006'),
('Protestan', 'Madura', 'KTP_3207140707930007'),
('Hindu', 'Aceh', 'KTP_3208160808930008'),
('Buddha', 'Banten', 'KTP_3209180909930009'),
('Islam', 'Ambon', 'KTP_321020101093001'),
('Islam', 'Toraja', 'KTP_3211221111930011'),
('Katolik', 'Sasak', 'KTP_3212241212930012'),
('Hindu', 'Nias', 'KTP_3213261313930013'),
('Buddha', 'Jawa', 'KTP_3214281414930014'),
('Islam', 'Bima', 'KTP_3215301515930015'),
('Protestan', 'Flores', 'KTP_3216321616930016'),
('Katolik', 'Minahasa', 'KTP_3217341717930017'),
('Buddha', 'Melayu', 'KTP_3218361818930018'),
('Islam', 'Banten', 'KTP_3219381919930019'),
('Hindu', 'Madura', 'KTP_322040202093002'),
('Islam', 'Gorontalo', 'KTP_3221422121930021'),
('Protestan', 'Sunda', 'KTP_3222442222930022'),
('Hindu', 'Jawa', 'KTP_3223462323930023'),
('Islam', 'Manggarai', 'KTP_3224482424930024'),
('Islam', 'Sunda', 'KTP_3225502525930025'),
('Hindu', 'Sumba', 'KTP_3226522626930026'),
('Buddha', 'Jawa', 'KTP_3227542727930027'),
('Islam', 'Kalimantan', 'KTP_3228562828930028'),
('Protestan', 'Papua', 'KTP_3229582929930029'),
('Islam', 'Maluku', 'KTP_323060303093003'),
('Katolik', 'Sangir', 'KTP_3231623131930031'),
('Hindu', 'Sunda', 'KTP_3232643232930032'),
('Islam', 'Ternate', 'KTP_3233663333930033'),
('Protestan', 'Tidore', 'KTP_3234683434930034'),
('Katolik', 'Madura', 'KTP_3235703535930035'),
('Islam', 'Sunda', 'KTP_3236723636930036'),
('Hindu', 'Jawa', 'KTP_3237743737930037'),
('Protestan', 'Rote', 'KTP_3238763838930038'),
('Islam', 'Manggarai', 'KTP_3239783939930039'),
('Katolik', 'Sunda', 'KTP_324080404093004'),
('Islam', 'Jawa', 'KTP_3241824141930041'),
('Katolik', 'Wamena', 'KTP_3242844242930042'),
('Hindu', 'Sunda', 'KTP_3243864343930043'),
('Islam', 'Betawi', 'KTP_3244884444930044'),
('Buddha', 'Jawa', 'KTP_3245904545930045'),
('Islam', 'Banten', 'KTP_3246924646930046'),
('Hindu', 'Jawa', 'KTP_3247944747930047'),
('Islam', 'Sunda', 'KTP_3248964848930048'),
('Protestan', 'Jawa', 'KTP_3249984949930049'),
('Katolik', 'Banten', 'KTP_325000505093005'),
('Islam', 'Sunda', 'KTP_3251025151930051'),
('Hindu', 'Jawa', 'KTP_3252045252930052'),
('Katolik', 'Banten', 'KTP_3253065353930053'),
('Islam', 'Jawa', 'KTP_3254085454930054'),
('Buddha', 'Madura', 'KTP_3255105555930055'),
('Islam', 'Jawa', 'KTP_3256125656930056'),
('Protestan', 'Sunda', 'KTP_3257145757930057'),
('Hindu', 'Banten', 'KTP_3258165858930058'),
('Islam', 'Jawa', 'KTP_3259185959930059'),
('Katolik', 'Betawi', 'KTP_326020606093006'),
('Islam', 'Sunda', 'KTP_3261226161930061'),
('Hindu', 'Jawa', 'KTP_3262246262930062'),
('Islam', 'Jawa', 'KTP_3263266363930063'),
('Protestan', 'Madura', 'KTP_3264286464930064'),
('Islam', 'Jawa', 'KTP_3265306565930065'),
('Hindu', 'Betawi', 'KTP_3266326666930066'),
('Buddha', 'Sunda', 'KTP_3267346767930067'),
('Katolik', 'Jawa', 'KTP_3268366868930068'),
('Islam', 'Jawa', 'KTP_3269386969930069'),
('Hindu', 'Banten', 'KTP_327040707093007'),
('Protestan', 'Betawi', 'KTP_3271427171930071'),
('Islam', 'Jawa', 'KTP_3272447272930072'),
('Katolik', 'Sunda', 'KTP_3273467373930073'),
('Buddha', 'Jawa', 'KTP_3274487474930074'),
('Islam', 'Sunda', 'KTP_3275507575930075'),
('Hindu', 'Banten', 'KTP_3276527676930076'),
('Protestan', 'Jawa', 'KTP_3277547777930077'),
('Islam', 'Betawi', 'KTP_3278567878930078'),
('Katolik', 'Jawa', 'KTP_3279587979930079'),
('Buddha', 'Madura', 'KTP_328060808093008');
-- imigran

INSERT INTO IMIGRAN (Id_orang, Lama_tinggal, Status) VALUES
('Pasp_AB123456', 1, 'Bekerja'),
('Pasp_CD789012', 4, 'Pengungsi'),
('Pasp_EF345678', 7, 'Bekerja'),
('Pasp_GH901234', 4, 'Bekerja'),
('Pasp_IJ567890', 0, 'Turis'),
('Pasp_KL123456', 0, 'Turis'),
('Pasp_MN789012', 3, 'Pengungsi'),
('Pasp_OP345678', 1, 'Pengungsi'),
('Pasp_QR901234', 4, 'Pengungsi'),
('Pasp_ST567890', 4, 'Bekerja'),
('Pasp_UV123456', 10, 'Pengungsi'),
('Pasp_WX789012', 3, 'Visa Sementara'),
('Pasp_YZ345678', 4, 'Bekerja'),
('Pasp_AA901234', 6, 'Pengungsi'),
('Pasp_BB567890', 9, 'Pengungsi'),
('Pasp_CC123456', 5, 'Bekerja'),
('Pasp_DD789012', 2, 'Visa Sementara'),
('Pasp_EE345678', 0, 'Turis'),
('Pasp_FF901234', 7, 'Visa Sementara'),
('Pasp_GG567890', 4, 'Pengungsi'),
('Pasp_HH123456', 6, 'Pengungsi'),
('Pasp_II789012', 8, 'Pengungsi'),
('Pasp_JJ345678', 4, 'Pengungsi'),
('Pasp_KK901234', 3, 'Pengungsi'),
('Pasp_LL567890', 7, 'Pengungsi'),
('Pasp_MM123456', 7, 'Bekerja'),
('Pasp_NN789012', 6, 'Bekerja'),
('Pasp_OO345678', 3, 'Pengungsi'),
('Pasp_PP901234', 1, 'Pengungsi'),
('Pasp_QQ567890', 5, 'Visa Sementara'),
('Pasp_RR123456', 8, 'Pengungsi'),
('Pasp_SS789012', 7, 'Pengungsi'),
('Pasp_TT345678', 9, 'Visa Sementara'),
('Pasp_UU901234', 8, 'Visa Sementara'),
('Pasp_VV567890', 9, 'Pengungsi'),
('Pasp_WW123456', 1, 'Pengungsi'),
('Pasp_XX789012', 1, 'Bekerja'),
('Pasp_YY345678', 10, 'Bekerja'),
('Pasp_ZZ901234', 9, 'Pengungsi'),
('Pasp_123456AB', 8, 'Visa Sementara'),
('Pasp_789012CD', 4, 'Visa Sementara'),
('Pasp_345678EF', 1, 'Pengungsi'),
('Pasp_901234GH', 9, 'Visa Sementara'),
('Pasp_567890IJ', 4, 'Visa Sementara'),
('Pasp_123456KL', 0, 'Turis'),
('Pasp_789012MN', 3, 'Pengungsi'),
('Pasp_345678OP', 4, 'Bekerja'),
('Pasp_901234QR', 3, 'Bekerja'),
('Pasp_567890ST', 8, 'Pengungsi'),
('Pasp_123456UV', 2, 'Pengungsi');


INSERT INTO MEMILIKI_ALAMAT (Id_orang, Id_alamat) VALUES
('KTP_3201020101950001', 19),
('KTP_3202040202930002', 18),
('KTP_3203060303930003', 20),
('KTP_3204080404930004', 17),
('KTP_3205100505930005', 21),
('KTP_3206120606930006', 16),
('KTP_3207140707930007', 22),
('KTP_3208160808930008', 58),
('KTP_3209180909930009', 23),
('KTP_321020101093001', 14),
('KTP_3211221111930011', 24),
('KTP_3212241212930012', 13),
('KTP_3213261313930013', 25),
('KTP_3214281414930014', 12),
('KTP_3215301515930015', 26),
('KTP_3216321616930016', 11),
('KTP_3217341717930017', 32),
('KTP_3218361818930018', 10),
('KTP_3219381919930019', 37),
('KTP_322040202093002', 102),
('KTP_3221422121930021', 42),
('KTP_3222442222930022', 8),
('KTP_3223462323930023', 29),
('KTP_3224482424930024', 7),
('KTP_3225502525930025', 52),
('KTP_3226522626930026', 6),
('KTP_3227542727930027', 28),
('KTP_3228562828930028', 5),
('KTP_3229582929930029', 46),
('KTP_323060303093003', 4),
('KTP_3231623131930031', 54),
('KTP_3232643232930032', 59),
('KTP_3233663333930033', 43),
('KTP_3234683434930034', 2),
('KTP_3235703535930035', 38),
('KTP_3236723636930036', 1),
('KTP_3237743737930037', 44),
('KTP_3238763838930038', 33),
('KTP_3239783939930039', 49),
('KTP_324080404093004', 27),
('KTP_3241824141930041', 41),
('KTP_3242844242930042', 47),
('KTP_3243864343930043', 71),
('KTP_3244884444930044', 50),
('KTP_3245904545930045', 18),
('KTP_3246924646930046', 51),
('KTP_3247944747930047', 17),
('KTP_3248964848930048', 55),
('KTP_3249984949930049', 16),
('KTP_325000505093005', 53),
('KTP_3251025151930051', 15),
('KTP_3252045252930052', 48),
('KTP_3253065353930053', 14),
('KTP_3254085454930054', 76),
('KTP_3255105555930055', 13),
('KTP_3256125656930056', 30),
('KTP_3257145757930057', 12),
('KTP_3258165858930058', 39),
('KTP_3259185959930059', 11),
('KTP_326020606093006', 35),
('KTP_3261226161930061', 10),
('KTP_3262246262930062', 57),
('KTP_3263266363930063', 9),
('KTP_3264286464930064', 20),
('KTP_3265306565930065', 8),
('KTP_3266326666930066', 21),
('KTP_3267346767930067', 7),
('KTP_3268366868930068', 22),
('KTP_3269386969930069', 6),
('KTP_327040707093007', 69),
('KTP_3271427171930071', 5),
('KTP_3272447272930072', 24),
('KTP_3273467373930073', 4),
('KTP_3274487474930074', 25),
('KTP_3275507575930075', 3),
('KTP_3276527676930076', 40),
('KTP_3277547777930077', 2),
('KTP_3278567878930078', 36),
('KTP_3279587979930079', 1),
('KTP_328060808093008', 31),
('Pasp_AB123456', 66),
('Pasp_CD789012', 74),
('Pasp_EF345678', 80),
('Pasp_GH901234', 70),
('Pasp_IJ567890', 82),
('Pasp_KL123456', 89),
('Pasp_MN789012', 56),
('Pasp_OP345678', 116),
('Pasp_QR901234', 81),
('Pasp_ST567890', 84),
('Pasp_UV123456', 100),
('Pasp_WX789012', 19),
('Pasp_YZ345678', 34),
('Pasp_AA901234', 104),
('Pasp_BB567890', 45),
('Pasp_CC123456', 68),
('Pasp_DD789012', 119),
('Pasp_EE345678', 15),
('Pasp_FF901234', 75),
('Pasp_GG567890', 79),
('Pasp_HH123456', 83),
('Pasp_II789012', 73),
('Pasp_JJ345678', 90),
('Pasp_KK901234', 3),
('Pasp_LL567890', 111),
('Pasp_MM123456', 50),
('Pasp_NN789012', 65),
('Pasp_OO345678', 88),
('Pasp_PP901234', 121),
('Pasp_QQ567890', 60),
('Pasp_RR123456', 109),
('Pasp_SS789012', 86),
('Pasp_TT345678', 9),
('Pasp_UU901234', 77),
('Pasp_VV567890', 71),
('Pasp_WW123456', 61),
('Pasp_XX789012', 33),
('Pasp_YY345678', 17),
('Pasp_ZZ901234', 67),
('Pasp_123456AB', 118),
('Pasp_789012CD', 78),
('Pasp_345678EF', 62),
('Pasp_901234GH', 23),
('Pasp_567890IJ', 105),
('Pasp_123456KL', 13),
('Pasp_789012MN', 85),
('Pasp_345678OP', 63),
('Pasp_901234QR', 87),
('Pasp_567890ST', 72),
('Pasp_123456UV', 64);


INSERT INTO LAYANAN_SOSIAL (Id_layanan, Jenis, Nama_layanan)
VALUES 
('LS1', 'Pemberdayaan Ekonomi, Pendidikan, dan Kesejahteraan keluarga', 'Program Keluarga Harapan (PKH)'),
('LS2', 'Pendidikan', 'Kartu Indonesia Pintar (KIP)'),
('LS3', 'Pendidikan', 'Kartu Jakarta Pintar (KJP)'),
('LS4', 'Pendidikan', 'Kartu Siswa'),
('LS5', 'Pangan', 'Kartu Sembako'),
('LS6', 'Pendidikan dan Pelatihan Keterampilan', 'Kartu Pra Kerja'),
('LS7', 'Sosial Ekonomi', 'Bantuan Langsung Tunai (BLT)'),
('LS8', 'Kesehatan', 'BPJS Kesehatan (Badan Penyelenggara Jaminan Sosial Kesehatan)'),
('LS9', 'Pangan', 'Bantuan Pangan Non-Tunai (BPNT)'),
('LS10', 'Pemberdayaan Ekonomi', 'Program Pengentasan Kemiskinan (PNPM)'),
('LS11', 'Sosial Ekonomi', 'Jaring Pengaman Sosial (JPS)'),
('LS12', 'Pemukiman dan Perumahan', 'Program Sejuta Rumah'),
('LS13', 'Pendidikan', 'Beasiswa Pendidikan'),
('LS14', 'Kesehatan', 'Pelayanan Kesehatan Gratis'),
('LS15', 'Keuangan dan Pembiayaan Usaha Mikro.', 'Kredit Peduli UMKM'),
('LS16', 'Keuangan dan pembiayaan Usaha', 'Bantuan Modal Usaha'),
('LS18', 'Administrasi Kependudukan', 'Pendaftaran Akta Kelahiran Gratis'),
('LS19', 'Informasi dan Konsultasi Sosial', 'Pusat Informasi Kesejahteraan Sosial (PIKS)'),
('LS20', 'Kesahatan dan Pemantauan Pertumbuhan Balita', 'Posyandu (Pos Pelayanan Terpadu)'),
('LS21', 'Bencana dan Kedaruratan', 'Bantuan Korban Bencana'),
('LS22', 'Pemberdayaan Ekonomi, Pendidikan, Kesejahteraan Keluarga.', 'Pembinaan Keluarga Harapan (PKH)'),
('LS23', 'Pendidikan', 'Program Desa Bebas Analfabetisme'),
('LS24', 'Sosial Ekonomi', 'Bantuan Sosial Kesejahteraan Rakyat (BSKR)'),
('LS25', 'Perlindungan Anak dan Kesejahteraan Keluarga.', 'Pusat Kesejahteraan Sosial Anak (PKSA)'),
('LS26', 'Pekerjaan dan Ketenagakerjaan', 'Layanan Pekerjaan (Kartu AK1)');

INSERT INTO MIGRASI (Id_migrasi, Jenis_migrasi, Tanggal, [Status])
VALUES 
(1, 'Migrasi antar daerah', '2019-01-15', 'Selesai'),
(2, 'Migrasi antar daerah', '2021-02-20', 'Selesai'),
(3, 'Migrasi antar daerah', '2023-03-05', 'Proses'),
(4, 'Migrasi antar daerah', '2020-04-10', 'Selesai'),
(5, 'Migrasi antar daerah', '2023-05-15', 'Proses'),
(6, 'Migrasi antar daerah', '2020-06-20', 'Selesai'),
(7, 'Migrasi antar daerah', '2019-07-25', 'Selesai'),
(8, 'Migrasi antar daerah', '2023-08-30', 'Proses'),
(9, 'Migrasi antar daerah', '2019-10-05', 'Selesai'),
(10, 'Migrasi antar daerah', '2022-11-10', 'Selesai'),
(11, 'Migrasi antar daerah', '2023-12-15', 'Proses'),
(12, 'Migrasi antar daerah', '2020-01-20', 'Selesai'),
(13, 'Migrasi antar daerah', '2020-02-25', 'Selesai'),
(14, 'Migrasi antar daerah', '2023-03-05', 'Proses'),
(15, 'Migrasi antar daerah', '2020-04-10', 'Selesai'),
(16, 'Migrasi antar daerah', '2023-05-15', 'Proses'),
(17, 'Migrasi antar daerah', '2020-06-20', 'Selesai'),
(18, 'Migrasi antar daerah', '2023-07-25', 'Proses'),
(19, 'Migrasi antar daerah', '2020-08-30', 'Selesai'),
(20, 'Migrasi antar daerah', '2023-10-05', 'Proses'),
(21, 'Imigrasi', '2022-06-24', 'Selesai'),
(22, 'Imigrasi', '2019-01-03', 'Selesai'),
(23, 'Imigrasi', '2016-10-04', 'Selesai'),
(24, 'Imigrasi', '2019-02-08', 'Selesai'),
(25, 'Imigrasi', '2023-02-15', 'Selesai'),
(26, 'Imigrasi', '2023-08-07', 'Selesai'),
(27, 'Imigrasi', '2020-08-18', 'Selesai'),
(28, 'Imigrasi', '2022-03-08', 'Selesai'),
(29, 'Imigrasi', '2019-10-25', 'Selesai'),
(30, 'Imigrasi', '2019-06-18', 'Selesai'),
(31, 'Imigrasi', '2013-08-11', 'Selesai'),
(32, 'Imigrasi', '2020-07-22', 'Selesai'),
(33, 'Imigrasi', '2019-06-15', 'Selesai'),
(34, 'Imigrasi', '2017-02-01', 'Selesai'),
(35, 'Imigrasi', '2014-12-16', 'Selesai'),
(36, 'Imigrasi', '2018-05-10', 'Selesai'),
(37, 'Imigrasi', '2021-06-11', 'Selesai'),
(38, 'Imigrasi', '2023-04-07', 'Selesai'),
(39, 'Imigrasi', '2016-01-21', 'Selesai'),
(40, 'Imigrasi', '2019-06-09', 'Selesai'),
(41, 'Imigrasi', '2017-08-08', 'Selesai'),
(42, 'Imigrasi', '2015-09-17', 'Selesai'),
(43, 'Imigrasi', '2019-05-05', 'Selesai'),
(44, 'Imigrasi', '2020-05-13', 'Selesai'),
(45, 'Imigrasi', '2016-03-03', 'Selesai'),
(46, 'Imigrasi', '2016-12-25', 'Selesai'),
(47, 'Imigrasi', '2017-10-01', 'Selesai'),
(48, 'Imigrasi', '2020-12-20', 'Selesai'),
(49, 'Imigrasi', '2022-06-22', 'Selesai'),
(50, 'Imigrasi', '2018-12-12', 'Selesai'),
(51, 'Imigrasi', '2015-04-14', 'Selesai'),
(52, 'Imigrasi', '2016-06-06', 'Selesai'),
(53, 'Imigrasi', '2014-02-22', 'Selesai'),
(54, 'Imigrasi', '2015-04-26', 'Selesai'),
(55, 'Imigrasi', '2014-03-10', 'Selesai'),
(56, 'Imigrasi', '2022-04-06', 'Selesai'),
(57, 'Imigrasi', '2022-02-22', 'Selesai'),
(58, 'Imigrasi', '2013-09-20', 'Selesai'),
(59, 'Imigrasi', '2014-02-18', 'Selesai'),
(60, 'Imigrasi', '2015-09-03', 'Selesai'),
(61, 'Imigrasi', '2019-07-17', 'Selesai'),
(62, 'Imigrasi', '2022-02-04', 'Selesai'),
(63, 'Imigrasi', '2014-01-24', 'Selesai'),
(64, 'Imigrasi', '2019-12-13', 'Selesai'),
(65, 'Imigrasi', '2023-04-21', 'Proses'),
(66, 'Imigrasi', '2020-03-09', 'Selesai'),
(67, 'Imigrasi', '2019-04-05', 'Selesai'),
(68, 'Imigrasi', '2020-07-09', 'Selesai'),
(69, 'Imigrasi', '2015-09-08', 'Selesai'),
(70, 'Imigrasi', '2021-09-22', 'Selesai');

-- migrasi

INSERT INTO MELAKUKAN_MIGRASI (Id_orang, Id_migrasi) VALUES
('KTP_3261226161930061', 1),
('KTP_3262246262930062', 2),
('KTP_3263266363930063', 3),
('KTP_3264286464930064', 4),
('KTP_3265306565930065', 5),
('KTP_3266326666930066', 6),
('KTP_3267346767930067', 7),
('KTP_3268366868930068', 8),
('KTP_3269386969930069', 9),
('KTP_327040707093007', 10),
('KTP_3271427171930071', 11),
('KTP_3272447272930072', 12),
('KTP_3273467373930073', 13),
('KTP_3274487474930074', 14),
('KTP_3275507575930075', 15),
('KTP_3276527676930076', 16),
('KTP_3277547777930077', 17),
('KTP_3278567878930078', 18),
('KTP_3279587979930079', 19),
('KTP_328060808093008', 20);

-- Berkewarganegaraan
INSERT INTO Berkewarganegaraan (Id_orang, Id_negara) 
VALUES
('Pasp_AB123456', 25),
('Pasp_CD789012', 38),
('Pasp_EF345678', 13),
('Pasp_GH901234', 14),
('Pasp_IJ567890', 49),
('Pasp_KL123456', 30),
('Pasp_MN789012', 20),
('Pasp_OP345678', 21),
('Pasp_QR901234', 6),
('Pasp_ST567890', 28),
('Pasp_UV123456', 17),
('Pasp_WX789012', 26),
('Pasp_YZ345678', 34),
('Pasp_AA901234', 46),
('Pasp_BB567890', 18),
('Pasp_CC123456', 7),
('Pasp_DD789012', 14),
('Pasp_EE345678', 22),
('Pasp_FF901234', 33),
('Pasp_GG567890', 40),
('Pasp_HH123456', 32),
('Pasp_II789012', 1),
('Pasp_JJ345678', 23),
('Pasp_KK901234', 9),
('Pasp_LL567890', 43),
('Pasp_MM123456', 37),
('Pasp_NN789012', 2),
('Pasp_OO345678', 19),
('Pasp_PP901234', 49),
('Pasp_QQ567890', 31),
('Pasp_RR123456', 46),
('Pasp_SS789012', 48),
('Pasp_TT345678', 38),
('Pasp_UU901234', 28),
('Pasp_VV567890', 18),
('Pasp_WW123456', 36),
('Pasp_XX789012', 5),
('Pasp_YY345678', 1),
('Pasp_ZZ901234', 9),
('Pasp_123456AB', 29),
('Pasp_789012CD', 35),
('Pasp_345678EF', 38),
('Pasp_901234GH', 24),
('Pasp_567890IJ', 38),
('Pasp_123456KL', 49),
('Pasp_789012MN', 46),
('Pasp_345678OP', 41),
('Pasp_901234QR', 32),
('Pasp_567890ST', 13),
('Pasp_123456UV', 36);

-- pendidikan

INSERT INTO MENEMPUH_PENDIDIKAN (Id_orang, Id_instansi) VALUES
('KTP_3201020101950001', 'PDK048'),
('KTP_3202040202930002', 'PDK025'),
('KTP_3203060303930003', 'PDK041'),
('KTP_3204080404930004', 'PDK016'),
('KTP_3205100505930005', 'PDK069'),
('KTP_3206120606930006', 'PDK054'),
('KTP_3207140707930007', 'PDK036'),
('KTP_3208160808930008', 'PDK080'),
('KTP_3209180909930009', 'PDK021'),
('KTP_321020101093001', 'PDK013'),
('KTP_3211221111930011', 'PDK068'),
('KTP_3212241212930012', 'PDK077'),
('KTP_3213261313930013', 'PDK020'),
('KTP_3214281414930014', 'PDK048'),
('KTP_3215301515930015', 'PDK073'),
('KTP_3216321616930016', 'PDK052'),
('KTP_3217341717930017', 'PDK067'),
('KTP_3218361818930018', 'PDK033'),
('KTP_3219381919930019', 'PDK052'),
('KTP_322040202093002', 'PDK063'),
('KTP_3221422121930021', 'PDK054'),
('KTP_3222442222930022', 'PDK080'),
('KTP_3223462323930023', 'PDK070'),
('KTP_3224482424930024', 'PDK042'),
('KTP_3225502525930025', 'PDK060'),
('KTP_3226522626930026', 'PDK071'),
('KTP_3227542727930027', 'PDK058'),
('KTP_3228562828930028', 'PDK063'),
('KTP_3229582929930029', 'PDK033'),
('KTP_323060303093003', 'PDK079'),
('KTP_3231623131930031', 'PDK042'),
('KTP_3232643232930032', 'PDK066'),
('KTP_3233663333930033', 'PDK065'),
('KTP_3234683434930034', 'PDK072'),
('KTP_3235703535930035', 'PDK044'),
('KTP_3236723636930036', 'PDK063'),
('KTP_3237743737930037', 'PDK068'),
('KTP_3238763838930038', 'PDK051'),
('KTP_3239783939930039', 'PDK076'),
('KTP_324080404093004', 'PDK049'),
('KTP_3241824141930041', 'PDK056'),
('KTP_3242844242930042', 'PDK073'),
('KTP_3243864343930043', 'PDK069'),
('KTP_3244884444930044', 'PDK046'),
('KTP_3245904545930045', 'PDK072'),
('KTP_3246924646930046', 'PDK080'),
('KTP_3247944747930047', 'PDK048'),
('KTP_3248964848930048', 'PDK077'),
('KTP_3249984949930049', 'PDK051'),
('KTP_325000505093005', 'PDK068'),
('KTP_3251025151930051', 'PDK064'),
('KTP_3252045252930052', 'PDK077'),
('KTP_3253065353930053', 'PDK075'),
('KTP_3254085454930054', 'PDK060'),
('KTP_3255105555930055', 'PDK059'),
('KTP_3256125656930056', 'PDK074'),
('KTP_3257145757930057', 'PDK075'),
('KTP_3258165858930058', 'PDK072'),
('KTP_3259185959930059', 'PDK072'),
('KTP_326020606093006', 'PDK063'),
('KTP_3261226161930061', 'PDK080'),
('KTP_3262246262930062', 'PDK078'),
('KTP_3263266363930063', 'PDK069'),
('KTP_3264286464930064', 'PDK070'),
('KTP_3265306565930065', 'PDK065'),
('KTP_3266326666930066', 'PDK079'),
('KTP_3267346767930067', 'PDK077'),
('KTP_3268366868930068', 'PDK080'),
('KTP_3269386969930069', 'PDK077'),
('KTP_327040707093007', 'PDK072'),
('KTP_3271427171930071', 'PDK079'),
('KTP_3272447272930072', 'PDK077'),
('KTP_3273467373930073', 'PDK075'),
('KTP_3274487474930074', 'PDK074'),
('KTP_3275507575930075', 'PDK080'),
('KTP_3276527676930076', 'PDK080'),
('KTP_3277547777930077', 'PDK079'),
('KTP_3278567878930078', 'PDK079'),
('KTP_3279587979930079', 'PDK080'),
('KTP_328060808093008', 'PDK080'),
('Pasp_AB123456', 'PDK036'),
('Pasp_CD789012', 'PDK055'),
('Pasp_EF345678', 'PDK032'),
('Pasp_GH901234', 'PDK060'),
('Pasp_IJ567890', 'PDK051'),
('Pasp_KL123456', 'PDK044'),
('Pasp_MN789012', 'PDK072'),
('Pasp_OP345678', 'PDK042'),
('Pasp_QR901234', 'PDK043'),
('Pasp_ST567890', 'PDK030'),
('Pasp_UV123456', 'PDK055'),
('Pasp_WX789012', 'PDK060'),
('Pasp_YZ345678', 'PDK036'),
('Pasp_AA901234', 'PDK078'),
('Pasp_BB567890', 'PDK078'),
('Pasp_CC123456', 'PDK057'),
('Pasp_DD789012', 'PDK064'),
('Pasp_EE345678', 'PDK045'),
('Pasp_FF901234', 'PDK061'),
('Pasp_GG567890', 'PDK078'),
('Pasp_HH123456', 'PDK060'),
('Pasp_II789012', 'PDK061'),
('Pasp_JJ345678', 'PDK080'),
('Pasp_KK901234', 'PDK073'),
('Pasp_LL567890', 'PDK080'),
('Pasp_MM123456', 'PDK079'),
('Pasp_NN789012', 'PDK063'),
('Pasp_OO345678', 'PDK072'),
('Pasp_PP901234', 'PDK072'),
('Pasp_QQ567890', 'PDK072'),
('Pasp_RR123456', 'PDK074'),
('Pasp_SS789012', 'PDK078'),
('Pasp_TT345678', 'PDK077'),
('Pasp_UU901234', 'PDK080'),
('Pasp_VV567890', 'PDK079'),
('Pasp_WW123456', 'PDK079'),
('Pasp_XX789012', 'PDK080'),
('Pasp_YY345678', 'PDK036'),
('Pasp_ZZ901234', 'PDK055'),
('Pasp_123456AB', 'PDK032'),
('Pasp_789012CD', 'PDK060'),
('Pasp_345678EF', 'PDK051'),
('Pasp_901234GH', 'PDK044'),
('Pasp_567890IJ', 'PDK072'),
('Pasp_123456KL', 'PDK042'),
('Pasp_789012MN', 'PDK043'),
('Pasp_345678OP', 'PDK030'),
('Pasp_901234QR', 'PDK055'),
('Pasp_567890ST', 'PDK060'),
('Pasp_123456UV', 'PDK036');

-- pernikahan

INSERT INTO PERNIKAHAN (Id_pernikahan, Tanggal, Tempat, Id_pria, Id_wanita) VALUES
(1, '2020-09-10', 'Jakarta', 'KTP_3279587979930079', 'KTP_3236723636930036'),
(2, '2020-10-05', 'Bandung', 'KTP_3277547777930077', 'KTP_3234683434930034'),
(3, '2020-11-15', 'Surabaya', 'KTP_3275507575930075', 'Pasp_KK901234'),
(4, '2020-12-20', 'Bali', 'KTP_3273467373930073', 'KTP_323060303093003'),
(5, '2021-01-08', 'Yogyakarta', 'KTP_3271427171930071', 'KTP_3228562828930028'),
(6, '2021-02-14', 'Malang', 'KTP_3269386969930069', 'KTP_3226522626930026'),
(7, '2021-03-30', 'Semarang', 'KTP_3267346767930067', 'KTP_3224482424930024'),
(8, '2021-04-25', 'Surabaya', 'KTP_3265306565930065', 'KTP_3222442222930022'),
(9, '2021-05-18', 'Jakarta', 'KTP_3263266363930063', 'Pasp_TT345678'),
(10, '2021-06-10', 'Bogor', 'KTP_3261226161930061', 'KTP_3218361818930018'),
(11, '2022-07-15', 'Yogyakarta', 'KTP_3259185959930059', 'KTP_3216321616930016'),
(12, '2022-08-20', 'Bandung', 'KTP_3257145757930057', 'KTP_3214281414930014'),
(13, '2022-09-05', 'Bali', 'KTP_3255105555930055', 'KTP_3212241212930012'),
(14, '2022-10-12', 'Jakarta', 'KTP_3253065353930053', 'KTP_321020101093001'),
(15, '2022-11-25', 'Surabaya', 'KTP_3251025151930051', 'Pasp_EE345678'),
(16, '2022-12-30', 'Malang', 'KTP_3249984949930049', 'KTP_3206120606930006'),
(18, '2023-02-28', 'Yogyakarta', 'KTP_3245904545930045', 'KTP_3202040202930002'),
(19, '2023-03-20', 'Jakarta', 'KTP_3201020101950001', 'Pasp_WX789012'),
(20, '2023-04-10', 'Malang', 'KTP_3203060303930003', 'KTP_3264286464930064'),
(21, '2023-05-25', 'Bandung', 'KTP_3205100505930005', 'KTP_3266326666930066'),
(22, '2023-06-15', 'Bali', 'KTP_3207140707930007', 'KTP_3268366868930068'),
(23, '2023-07-08', 'Jakarta', 'KTP_3209180909930009', 'Pasp_901234GH'),
(24, '2023-08-12', 'Surabaya', 'KTP_3211221111930011', 'KTP_3272447272930072'),
(25, '2023-09-20', 'Malang', 'KTP_3213261313930013', 'KTP_3274487474930074');